{
    "Version": "2012-10-17",
    "Statement": [
        {
            "Sid": "AllowRootAndHomeListingOfCompanyBucket",
            "Action": [
                "s3:ListBucket"
            ],
            "Effect": "Allow",
            "Resource": [
                "arn:aws:s3:::cloudelligent-sftp"
            ],
            "Condition": {
                "StringEquals": {
                    "s3:prefix": [
                        "Mulesoft/*",
                        "Zuora/*",
                        "TFTP/*",
                        "TC/*",
                        "TMNA/*"
                        
                    ],
                    "s3:delimiter": [
                        "/"
                    ]
                }
            }
        },
        {
            "Sid": "AllowListingOfUserFolder",
            "Action": [
                "s3:ListBucket"
            ],
            "Effect": "Allow",
            "Resource": [
                "arn:aws:s3:::cloudelligent-sftp"
            ],
            "Condition": {
                "StringLike": {
                    "s3:prefix": [
                        "Mulesoft/*",
                        "Zuora/*",
                        "TFTP/*",
                        "TC/*",
                        "TMNA/*"
                    ]
                }
            }
        },
        {
            "Sid": "Mulesoft",
            "Effect": "Allow",
            "Action": [
                "s3:ListBucket",
                "s3:PutObject",
                "s3:GetObject"
            ],
            "Resource": [
                "arn:aws:s3:::cloudelligent-sftp/Mulesoft/*"
            ]
        },
        {
            "Sid": "OutboundArchiveSubfoldersPolicyReadWrite",
            "Effect": "Allow",
            "Action": [
                "s3:ListBucket",
                "s3:PutObject",
                "s3:GetObject"
            ],
            "Resource": [
                "arn:aws:s3:::cloudelligent-sftp/Zuora/outbound/*",
                "arn:aws:s3:::cloudelligent-sftp/Zuora/archive/*",
                "arn:aws:s3:::cloudelligent-sftp/TFTP/outbound/*",
                "arn:aws:s3:::cloudelligent-sftp/TFTP/archive/*",
                "arn:aws:s3:::cloudelligent-sftp/TC/outbound/*",
                "arn:aws:s3:::cloudelligent-sftp/TC/archive/*",
                "arn:aws:s3:::cloudelligent-sftp/TMNA/outbound/*",
                "arn:aws:s3:::cloudelligent-sftp/TMNA/archive/*"
            ]
        },
        {
            "Sid": "InboundFolderPolicyRead",
            "Effect": "Allow",
            "Action": [
                "s3:ListBucket",
                "s3:GetObject"
            ],
            "Resource": [
                "arn:aws:s3:::cloudelligent-sftp/Zuora/inbound/*",
                "arn:aws:s3:::cloudelligent-sftp/TFTP/inbound/*",
                "arn:aws:s3:::cloudelligent-sftp/TC/inbound/*",
                "arn:aws:s3:::cloudelligent-sftp/TMNA/inbound/*"
            ]
        }
    ]
}