{
    "Version": "2012-10-17",
    "Statement": [
        {
            "Sid": "AllowRootAndHomeListingOfCompanyBucket",
            "Action": [
                "s3:ListBucket"
            ],
            "Effect": "Allow",
            "Resource": [
                "arn:aws:s3:::cloudelligent-sftp"
            ],
            "Condition": {
                "StringEquals": {
                    "s3:prefix": [
                        "TMNA/*"
                        
                    ],
                    "s3:delimiter": [
                        "/"
                    ]
                }
            }
        },
        {
            "Sid": "AllowListingOfUserFolder",
            "Action": [
                "s3:ListBucket"
            ],
            "Effect": "Allow",
            "Resource": [
                "arn:aws:s3:::cloudelligent-sftp"
            ],
            "Condition": {
                "StringLike": {
                    "s3:prefix": [
                        "TMNA/*"
                    ]
                }
            }
        },
        {
            "Sid": "TMNA",
            "Effect": "Allow",
            "Action": [
                "s3:ListBucket",
                "s3:PutObject",
                "s3:GetObject"
            ],
            "Resource": [
                "arn:aws:s3:::cloudelligent-sftp/TMNA/*"
            ]
        }
    ]
}